{
  "conventional_long_name": "Republic of Nauru",
  "common_name": "Nauru",
  "native_name": "{{native name|na|Repubrikin Naoero}}",
  "image_flag": "Flag of Nauru.svg",
  "image_coat": "Coat of arms of Nauru.svg",
  "national_motto": "\"God's will first\"",
  "national_anthem": "{{lang|na|[[Nauru Bwiema]]}} <br/> {{small|\"Nauru, our homeland\"}}",
  "image_map": "Nauru on the globe (Polynesia centered).svg",
  "coordinates": "{{coord|0|32|S|166|55|E|type:country|name|=|Nauru|display|=|inline,title}}",
  "capital": "[[Yaren District|Yaren]] {{small|(''[[de facto]]'')}} {{ref label|capital|a}} None [[de jure]]",
  "largest_city": "[[Denigomodu District|Denigomodu]]",
  "official_languages": "[[Nauruan language|Nauruan]]",
  "languages2_type": "Common languages",
  "languages2": "[[English language|English]] {{NoteTag|English is not an official language, but it is widely spoken by the majority of the population and it is commonly used in government, legislation and commerce alongside Nauruan. Due to Nauru's history and relationship with Australia, [[Australian English]] is the dominant variety.|ref| name=CIA|ref| name=state| And is ''de facto'' official.}} And is ''de facto'' official.",
  "languages2_sub": "yes",
  "demonym": "Nauruan",
  "government_type": "[[Unitary state|Unitary]] [[parliamentary republic]] under a [[non-partisan democracy]]",
  "leader_title1": "[[President of Nauru|President]]",
  "leader_name1": "[[Baron Waqa]]",
  "leader_title2": "[[List of Speakers of the Parliament of Nauru|Speaker of the Parliament]]",
  "leader_name2": "[[Cyril Buraman]]",
  "legislature": "[[Parliament of Nauru|Parliament]]",
  "sovereignty_type": "Independence",
  "established_event1": "{{nowrap|from [[United Nations trust territories|UN trusteeship]]}} , <small>(from the [[United Kingdom]], [[Australia]], and [[New Zealand]])</small>",
  "established_date1": "31 January 1968",
  "area_km2": "21",
  "area_rank": "193rd",
  "area_sq_mi": "8.1",
  "percent_water": "0.57",
  "population_census": "11,200",
  "population_census_year": "October 2018",
  "population_census_rank": "234th",
  "population_density_km2": "480",
  "population_density_sq_mi": "1,243",
  "population_density_rank": "25th",
  "GDP_PPP": "$160&nbsp;million",
  "GDP_PPP_year": "2017",
  "GDP_PPP_rank": "192nd",
  "GDP_PPP_per_capita": "$12,052",
  "GDP_PPP_per_capita_rank": "94th",
  "GDP_nominal": "$114&nbsp;million",
  "GDP_nominal_year": "2017",
  "GDP_nominal_per_capita": "$8,570",
  "currency": "[[Australian dollar]]",
  "currency_code": "AUD",
  "utc_offset": "+12",
  "drives_on": "[[Right- and left-hand traffic|left]]",
  "calling_code": "[[+674]]",
  "cctld": "[[.nr]]",
  "footnote_a": "{{note|capital}} Nauru does not have an official capital, but [[Yaren District|Yaren]] is the seat of parliament."
}