{
  "conventional_long_name": "New Zealand",
  "native_name": "{{native name|mi|Aotearoa}}",
  "common_name": "New Zealand",
  "image_flag": "Flag of New Zealand.svg",
  "alt_flag": "Blue field with the Union Flag in the top right corner, and four red stars with white borders to the right.",
  "image_coat": "Coat of Arms of New Zealand.svg",
  "alt_coat": "A quartered shield, flanked by two figures, topped with a crown.",
  "image_map": "NZL_orthographic NaturalEarth.svg",
  "alt_map": "A map of the hemisphere centred on New Zealand, using an orthographic projection.",
  "map_caption": "Location of New Zealand, including outlying islands, its [[Ross Dependency|territorial claim in the Antarctic]], and [[Tokelau]]",
  "other_symbol": "{{unbulleted list\n  | \"[[God Defend New Zealand]]\"<br />|lower|0.2em|[[File:New Zealand national anthem, performed by the United States Navy Band.wav|center]]|\n  | |<!---Do not remove \"God Save The Queen\" as a national anthem (see http://www.mch.govt.nz/anthem/index.html):--->|lower|0.2em|\"[[God Save the Queen]]\"|refn|1|=|\"God Save the Queen\" is officially a national anthem but is generally used only on regal and viceregal occasions.|ref|{{cite web| url=http://www.mch.govt.nz/nz-identity-heritage/national-anthems/protocols |title=Protocol for using New Zealand's National Anthems |publisher=[[Ministry for Culture and Heritage]] |accessdate=17 February 2008}}|</ref>|group|=|n|<!--end lower:-->|}} {{lower|0.2em|[[File:New Zealand national anthem, performed by the United States Navy Band.wav|center]]}} {{lower|0.2em|\"[[God Save the Queen]]\"|refn|1|=|\"God Save the Queen\" is officially a national anthem but is generally used only on regal and viceregal occasions.|ref|{{cite web| url=http://www.mch.govt.nz/nz-identity-heritage/national-anthems/protocols |title=Protocol for using New Zealand's National Anthems |publisher=[[Ministry for Culture and Heritage]] |accessdate=17 February 2008}}|</ref>|group|=|n|<!--end lower:-->}} {{refn|1|=|\"God Save the Queen\" is officially a national anthem but is generally used only on regal and viceregal occasions.|ref|{{cite web| url=http://www.mch.govt.nz/nz-identity-heritage/national-anthems/protocols |title=Protocol for using New Zealand's National Anthems |publisher=[[Ministry for Culture and Heritage]] |accessdate=17 February 2008}}|</ref>|group|=|n}}",
  "other_symbol_type": "[[National anthems of New Zealand|Anthems]]:",
  "capital": "[[Wellington]]",
  "coordinates": "{{Coord|41|17|S|174|27|E|type:city}}",
  "largest_city": "[[Auckland]]",
  "official_languages": "{{ublist |item_style|=|white-space:nowrap;\n| [[New Zealand English|English]]|refn|1|=|English is a ''de facto'' official language due to its widespread use.|ref|{{cite report |author=New Zealand Government |title=International Covenant on Civil and Political Rights Fifth Periodic Report of the Government of New Zealand |date=21 December 2007 |url=http://www.mfat.govt.nz/downloads/humanrights/5th-ICCPR-report.pdf |page=89 |quote=In addition to the M\u0101ori language, New Zealand Sign Language is also an official language of New Zealand. The New Zealand Sign Language Act 2006 permits the use of NZSL in legal proceedings, facilitates competency standards for its interpretation and guides government departments in its promotion and use. English, the medium for teaching and learning in most schools, is a de facto official language by virtue of its widespread use. For these reasons, these three languages have special mention in the New Zealand Curriculum.|archiveurl=https://web.archive.org/web/20150124193521/http://mfat.govt.nz/downloads/humanrights/5th-ICCPR-report.pdf|archivedate=24 January 2015|accessdate=18 November 2015}}|</ref>|group|=|n|\n|[[M\u0101ori language|M\u0101ori]]\n|[[NZ Sign Language]]}} {{refn|1|=|English is a ''de facto'' official language due to its widespread use.|ref|{{cite report |author=New Zealand Government |title=International Covenant on Civil and Political Rights Fifth Periodic Report of the Government of New Zealand |date=21 December 2007 |url=http://www.mfat.govt.nz/downloads/humanrights/5th-ICCPR-report.pdf |page=89 |quote=In addition to the M\u0101ori language, New Zealand Sign Language is also an official language of New Zealand. The New Zealand Sign Language Act 2006 permits the use of NZSL in legal proceedings, facilitates competency standards for its interpretation and guides government departments in its promotion and use. English, the medium for teaching and learning in most schools, is a de facto official language by virtue of its widespread use. For these reasons, these three languages have special mention in the New Zealand Curriculum.|archiveurl=https://web.archive.org/web/20150124193521/http://mfat.govt.nz/downloads/humanrights/5th-ICCPR-report.pdf|archivedate=24 January 2015|accessdate=18 November 2015}}|</ref>|group|=|n}}",
  "ethnic_groups": "{{ublist |item_style|=|white-space:nowrap;\n  |  74.0% [[European New Zealanders|European]]|refn|1|=|Ethnicity figures add to more than 100% as people could choose more than one ethnic group. |name|=|\"ethnicity\"|group|=|n|\n  |  14.9% [[M\u0101ori people|M\u0101ori]]\n  |  11.8% [[Asian New Zealanders|Asian]]\n  |  7.4% [[Pacific Islander|Pacific peoples]]\n  |  1.2% [[Middle Eastern people|ME]]/[[Latin Americans|LA]]/[[African New Zealanders|African]]\n  |  1.7% Other|ref| name=\"QuickStats_ethnicity\" |}} {{refn|1|=|Ethnicity figures add to more than 100% as people could choose more than one ethnic group. |name|=|\"ethnicity\"|group|=|n}}",
  "ethnic_groups_year": "[[2013 New Zealand census|2013]]",
  "demonym": "[[New Zealanders|New Zealander]]<br /> {{nowrap|[[Kiwi (people)|Kiwi]] (informal)}}",
  "government_type": "[[Unitary state|Unitary]] [[Parliamentary system|parliamentary]] [[constitutional monarchy]]",
  "leader_title1": "[[Monarchy of New Zealand|Monarch]]",
  "leader_name1": "[[Elizabeth II]]",
  "leader_title2": "{{nowrap|[[Governor-General of New Zealand|Governor-General]]}}",
  "leader_name2": "[[Patsy Reddy]]",
  "leader_title3": "[[Prime Minister of New Zealand|Prime Minister]]",
  "leader_name3": "[[Jacinda Ardern]]",
  "legislature": "[[New Zealand Parliament|Parliament]]<br />([[New Zealand House of Representatives|House of Representatives]])",
  "sovereignty_type": "[[Independence of New Zealand|Stages of independence]]",
  "sovereignty_note": "from the [[United Kingdom]]",
  "established_event1": "[[1856 Sewell Ministry|Responsible government]]",
  "established_date1": "7 May 1856",
  "established_event2": "[[Dominion of New Zealand|Dominion]]",
  "established_date2": "26 September 1907",
  "established_event3": "[[Statute of Westminster Adoption Act 1947|Statute of Westminster adopted]]",
  "established_date3": "<br/>25 November 1947",
  "area_rank": "75th",
  "area_km2": "268,021",
  "area_sq_mi": "103,483",
  "percent_water": "1.6 {{refn|1|=|The proportion of New Zealand's area (excluding estuaries) covered by rivers, lakes and ponds, based on figures from the New Zealand Land Cover Database,|ref|{{cite web |url=http://www.mfe.govt.nz/issues/land/land-cover-dbase/index.html |title=The New Zealand Land Cover Database |work=New Zealand Land Cover Database 2 |publisher=[[Ministry for the Environment (New Zealand)|Ministry for the Environment]] |date=1 July 2009 |accessdate=26 April 2011}}|</ref>| is (357526 + 81936) / (26821559 \u2013 92499\u201326033 \u2013 19216) = 1.6%. If estuarine open water, mangroves, and herbaceous saline vegetation are included, the figure is 2.2%.|group|=|n}} is (357526 + 81936) / (26821559 \u2013 92499\u201326033 \u2013 19216) = 1.6%. If estuarine open water, mangroves, and herbaceous saline vegetation are included, the figure is 2.2%.",
  "population_estimate": "{{formatnum:|data New Zealand|poptoday}} {{data New Zealand|poptoday}}",
  "population_estimate_year": "{{currentmonth}} {{currentyear}}",
  "population_estimate_rank": "120th",
  "population_census": "4,242,048",
  "population_census_year": "2013",
  "population_density_km2": "{{Decimals|formatnum:|NZ population data|y|R|/268021|1}} {{formatnum:|NZ population data|y|R}} /268021 {{NZ population data|y}}",
  "population_density_sq_mi": "{{Decimals|formatnum:|NZ population data|y|R|/103483|1}} {{formatnum:|NZ population data|y|R}} /103483 {{NZ population data|y}}",
  "population_density_rank": "203rd",
  "GDP_PPP": "$199 billion",
  "GDP_PPP_year": "2018",
  "GDP_PPP_per_capita": "$40,266",
  "GDP_nominal": "$206 billion",
  "GDP_nominal_year": "2018",
  "GDP_nominal_per_capita": "$41,616",
  "Gini_year": "2014",
  "Gini": "33.0",
  "Gini_rank": "22nd",
  "HDI_year": "2017",
  "HDI_change": "increase",
  "HDI": "0.917",
  "HDI_rank": "16th",
  "currency": "[[New Zealand dollar]] ($)",
  "currency_code": "NZD",
  "iso3166code": "NZ",
  "time_zone": "[[Time in New Zealand|NZST]] {{refn|1|=|The Chatham Islands have a [[Chatham Standard Time Zone|separate time zone]], 45 minutes ahead of the rest of New Zealand.|group|=|n}}",
  "utc_offset": "+12",
  "time_zone_DST": "[[Time in New Zealand|NZDT]] {{refn|Clocks are advanced by an hour from the last Sunday in September until the first Sunday in April.|ref|{{cite web|title=New Zealand Daylight Time Order 2007 (SR 2007/185)|url=http://www.legislation.govt.nz/regulation/public/2007/0185/latest/whole.html|publisher=New Zealand Parliamentary Counsel Office|accessdate=6 March 2017|language=en-NZ|date=6 July 2007}}|</ref>| Daylight saving time is also observed in the Chatham Islands, 45 minutes ahead of NZDT.|group|=|n}} Daylight saving time is also observed in the Chatham Islands, 45 minutes ahead of NZDT.",
  "utc_offset_DST": "+13",
  "date_format": "{{abbr|dd|day}} / {{abbr|mm|month}} / {{abbr|yyyy|year}} <br /> {{abbr|yyyy|year}} - {{abbr|mm|month}} - {{abbr|dd|day}}",
  "drives_on": "[[Right- and left-hand traffic#New Zealand|left]]",
  "calling_code": "[[+64]]",
  "cctld": "[[.nz]]"
}