{
  "conventional_long_name": "Kingdom of Tonga",
  "common_name": "Tonga",
  "native_name": "{{small|''Pule\u02bbanga Fakatu\u02bbi \u02bbo Tonga'' ([[Tongan language|Tongan]])}}",
  "image_flag": "Flag of Tonga.svg",
  "image_coat": "Coat of arms of Tonga.svg",
  "symbol": "Coat of arms of Tonga",
  "symbol_type": "Seal",
  "national_motto": "\"Ko e \u02bbOtua mo Tonga ko hoku tofi\u02bba\"<br /> {{small|\"God and Tonga are my Inheritance\"}}",
  "national_anthem": "''[[Ko e fasi \u02bbo e tu\u02bbi \u02bbo e \u02bbOtu Tonga]]''<br /> {{small|''The Song of the King of the Tongan Islands''}} <br /><center>[[File:Ko e fasi \u02bbo e tu\u02bbi \u02bbo e \u02bbOtu Tonga.ogg]]</center>",
  "image_map": "Tonga on the globe (Polynesia centered).svg",
  "image_map2": "Tonga - Location Map (2013) - TON - UNOCHA.svg",
  "capital": "[[Nuku\u02bbalofa]]",
  "coordinates": "{{Coord|21|08|S|175|12|W|type:city}}",
  "largest_city": "capital",
  "official_languages": "{{Hlist | [[English language|English]] | [[Tongan language|Tongan]]}}",
  "ethnic_groups": "{{unbulleted list\n | 97% [[Tongans|Tongan]]\n | 0.7% Part-Tongan\n | 2.2% Other}}",
  "ethnic_groups_year": "2018",
  "demonym": "Tongan",
  "government_type": "<span style=\"white-space: nowrap\"> [[Unitary state|Unitary]] [[Parliamentary system|parliamentary]] <br /> [[constitutional monarchy]] </span>",
  "leader_title1": "[[List of monarchs of Tonga|Monarch]]",
  "leader_name1": "[[Tupou VI]]",
  "leader_title2": "[[Prime Minister of Tonga|Prime Minister]]",
  "leader_name2": "[[\u02bbAkilisi P\u014dhiva]]",
  "leader_title3": "[[Legislative Assembly of Tonga|Assembly Speaker]]",
  "leader_name3": "[[Fatafehi Fakafanua]]",
  "legislature": "[[Legislative Assembly of Tonga|Legislative Assembly]]",
  "sovereignty_type": "Independence",
  "established_event1": "{{nowrap|from [[United Kingdom|British]] [[Protectorate|protection]]}}",
  "established_date1": "4 June 1970",
  "area_km2": "748",
  "area_rank": "175th",
  "area_sq_mi": "289",
  "percent_water": "4.0",
  "population_census": "100,651",
  "population_estimate_rank": "189th",
  "population_census_year": "2016",
  "population_density_km2": "139",
  "population_density_sq_mi": "360",
  "population_density_rank": "76th<sup>a</sup>",
  "GDP_PPP": "$655 million",
  "GDP_PPP_year": "2019",
  "GDP_PPP_per_capita": "$6,496",
  "GDP_nominal": "$493 million",
  "GDP_nominal_year": "2019",
  "GDP_nominal_per_capita": "$4,888",
  "HDI": "0.717",
  "HDI_year": "2014",
  "HDI_change": "increase",
  "HDI_rank": "100th",
  "currency": "[[Tongan pa\u02bbanga|Pa\u02bbanga]]",
  "currency_code": "TOP",
  "utc_offset": "[[UTC+13:00|+13]]",
  "drives_on": "left",
  "calling_code": "[[+676]]",
  "cctld": "[[.to]]",
  "footnote_a": "Based on 2005 figures.",
  "religion": "[[Free Wesleyan Church of Tonga]]"
}