{
  "conventional_long_name": "Tuvalu",
  "common_name": "Tuvalu",
  "image_flag": "Flag of Tuvalu.svg",
  "image_coat": "Coat of arms of Tuvalu.svg",
  "image_map": "Tuvalu on the globe (Polynesia centered).svg",
  "national_motto": "{{lang|tvl|\"Tuvalu mo te Atua\"}} {{smaller|([[Tuvaluan language|Tuvaluan]])<br />\"Tuvalu for the Almighty\"}}",
  "national_anthem": "{{lang|tvl|[[Tuvalu mo te Atua]]}} {{smaller|(Tuvaluan)<br />''Tuvalu for the Almighty''}}",
  "royal_anthem": "''[[God Save the Queen]]''",
  "official_languages": "{{hlist |English |[[Tuvaluan language|Tuvaluan]]}}",
  "religion": "[[Church of Tuvalu]]",
  "demonym": "Tuvaluan",
  "ethnic_groups": "{{unbulleted list | 96% [[Polynesians|Polynesian]] | 4% Micronesian}}",
  "capital": "[[Funafuti]]",
  "coordinates": "{{Coord|8|31|S|179|12|E|type:city}}",
  "largest_city": "Funafuti",
  "government_type": "[[Unitary state|Unitary]] [[Non-partisan democracy|non-partisan]] [[Parliamentary system|parliamentary]] [[constitutional monarchy]]",
  "leader_title1": "[[Monarchy of Tuvalu|Monarch]]",
  "leader_name1": "[[Elizabeth II]]",
  "leader_title2": "[[Governor-General of Tuvalu|Governor-General]]",
  "leader_name2": "[[Iakoba Italeli]]",
  "leader_title3": "[[Prime Minister of Tuvalu|Prime Minister]]",
  "leader_name3": "[[Enele Sopoaga]]",
  "legislature": "[[Parliament of Tuvalu|Parliament]]",
  "sovereignty_type": "Independence",
  "established_event1": "from the United Kingdom",
  "established_date1": "1 October 1978",
  "area_rank": "192nd",
  "area_km2": "26",
  "area_sq_mi": "10",
  "percent_water": "negligible",
  "population_census": "11,192",
  "population_census_year": "2017",
  "population_census_rank": "196th",
  "population_density_km2": "475.88",
  "population_density_sq_mi": "1,142",
  "population_density_rank": "27th",
  "GDP_PPP": "$39&nbsp;million",
  "GDP_PPP_rank": "226th",
  "GDP_PPP_year": "2016",
  "GDP_PPP_per_capita": "$3,566",
  "GDP_PPP_per_capita_rank": "156th",
  "GDP_nominal_year": "2016",
  "GDP_nominal": "$32&nbsp;million",
  "GDP_nominal_rank": "194th",
  "GDP_nominal_per_capita": "$2,970",
  "GDP_nominal_per_capita_rank": "118th",
  "currency": "{{plainlist|\n*[[Tuvaluan dollar]]\n*Australian dollar}}",
  "currency_code": "AUD",
  "utc_offset": "+12",
  "drives_on": "[[Right- and left-hand traffic|left]]",
  "calling_code": "[[+688]]",
  "cctld": "[[.tv]]"
}